{"cameraMode":{"drawMode":0,"name":"Shaded","section":"Shading Mode"},"sceneLighting":false,"audioPlay":false,"sceneViewState":{"showFog":true,"showMaterialUpdate":false,"showSkybox":true,"showFlares":true,"showImageEffects":true,"showParticleSystems":true},"in2DMode":false,"pivot":{"x":0.32100239396095278,"y":0.4401804208755493,"z":-0.2764167785644531},"rotation":{"x":-0.08417414873838425,"y":0.0289900004863739,"z":-0.002450067549943924,"w":-0.9960283041000366},"size":6.17373514175415,"orthographic":false}