{"cameraMode":{"drawMode":0,"name":"Shaded","section":"Shading Mode"},"sceneLighting":false,"audioPlay":false,"sceneViewState":{"showFog":true,"showMaterialUpdate":false,"showSkybox":true,"showFlares":true,"showImageEffects":true,"showParticleSystems":true},"in2DMode":false,"pivot":{"x":8.100000381469727,"y":8.329999923706055,"z":0.0},"rotation":{"x":-0.08417414873838425,"y":0.0289900004863739,"z":-0.002450067549943924,"w":-0.9960283041000366},"size":12.389026641845704,"orthographic":false}