{"cameraMode":{"drawMode":0,"name":"Shaded","section":"Shading Mode"},"sceneLighting":false,"audioPlay":false,"sceneViewState":{"showFog":true,"showMaterialUpdate":false,"showSkybox":true,"showFlares":true,"showImageEffects":true,"showParticleSystems":true},"in2DMode":false,"pivot":{"x":-0.8792065978050232,"y":1.6628689765930176,"z":0.05788707733154297},"rotation":{"x":-0.08417414873838425,"y":0.0289900004863739,"z":-0.002450067549943924,"w":-0.9960283041000366},"size":6.689737796783447,"orthographic":false}