{"cameraMode":{"drawMode":0,"name":"Shaded","section":"Shading Mode"},"sceneLighting":false,"audioPlay":false,"sceneViewState":{"showFog":true,"showMaterialUpdate":false,"showSkybox":true,"showFlares":true,"showImageEffects":true,"showParticleSystems":true},"in2DMode":false,"pivot":{"x":7.100000381469727,"y":8.829999923706055,"z":0.0},"rotation":{"x":-0.10199547559022904,"y":0.051305320113897327,"z":-0.005265184678137302,"w":-0.9934535622596741},"size":6.173735618591309,"orthographic":false}