{"cameraMode":{"drawMode":0,"name":"Shaded","section":"Shading Mode"},"sceneLighting":false,"audioPlay":false,"sceneViewState":{"showFog":true,"showMaterialUpdate":false,"showSkybox":true,"showFlares":true,"showImageEffects":true,"showParticleSystems":true},"in2DMode":false,"pivot":{"x":-0.12163148820400238,"y":-0.6076112985610962,"z":-2.0045647621154787},"rotation":{"x":-0.1892671138048172,"y":-0.06270039081573487,"z":0.012111141346395016,"w":-0.9798491597175598},"size":5.873734951019287,"orthographic":false}